headline,cleaned_headline,label,label_encoded
กษัตริย์ไทยสั่งยิงปราสาทพระวิหาร,กษัตริย์ไทยสั่งยิงปราสาทพระวิหาร,Fake,0
พบการยิงขีปนาวุธ จากประเทศกัมพูชาเข้าสู่ประเทศไทย,พบการยิงขีปนาวุธ จากประเทศกัมพูชาเข้าสู่ประเทศไทย,Fake,0
พบลูกกระสุนกองทัพไทยตกในเขต สปป.ลาว บริเวณสามเหลี่ยมมรกต,พบลูกกระสุนกองทัพไทยตกในเขต สปป.ลาว บริเวณสามเหลี่ยมมรกต,Fake,0
การรถไฟฯ ประกาศงดเดินขบวนรถไฟไปช่วงสถานีอรัญประเทศ – ด่านพรมแดนบ้านคลองลึก,การรถไฟฯ ประกาศงดเดินขบวนรถไฟไปช่วงสถานีอรัญประเทศ – ด่านพรมแดนบ้านคลองลึก,Real,1
กองทัพกัมพูชายิง F-16 ไทยตก 1 ลำ,กองทัพกัมพูชายิง F- ไทยตก ลำ,Fake,0
วันที่ 26 ก.ค. 68 มณฑลทหารบกที่ 22 อุบลราชธานีเรียกระดมกำลังพลสำรอง,วันที่ ก.ค. มณฑลทหารบกที่ อุบลราชธานีเรียกระดมกำลังพลสำรอง,Fake,0
กรมพัฒนาธุรกิจการค้า ออกหนังสือรับรองการจดทะเบียนนิติบุคคล บริษัท จัดหางาน NETSEA จำกัด,กรมพัฒนาธุรกิจการค้า ออกหนังสือรับรองการจดทะเบียนนิติบุคคล บริษัท จัดหางาน NETSEA จำกัด,Fake,0
บรอกโคลี ถั่ว และกะหล่ำปลีต้มแล้วมีพิษเทียบเท่าสารหนู,บรอกโคลี ถั่ว และกะหล่ำปลีต้มแล้วมีพิษเทียบเท่าสารหนู,Fake,0
พลเรือนไทยสามารถร่วมรับมือสงครามได้อย่างไร,พลเรือนไทยสามารถร่วมรับมือสงครามได้อย่างไร,Real,1
5 วิธีดูแลตัวเองจากพายุฝนฟ้าคะนอง,วิธีดูแลตัวเองจากพายุฝนฟ้าคะนอง,Real,1
ตัดวงจร #อาชญากรรมออนไลน์ 27 กรกฎาคม 2568,ตัดวงจร #อาชญากรรมออนไลน์ กรกฎาคม,Real,1
ทหารนาวิกโยธินเหยียบกับระเบิด ได้รับบาดเจ็บ 4 นาย ในพื้นที่ จ.ตราด หนึ่งในนั้นบาดเจ็บสาหัส,ทหารนาวิกโยธินเหยียบกับระเบิด ได้รับบาดเจ็บ นาย ในพื้นที่ จ.ตราด หนึ่งในนั้นบาดเจ็บสาหัส,Fake,0
ยาหยอดหู สมุนไพรจีน แก้หูอักเสบ หูตึง ลมออกหู,ยาหยอดหู สมุนไพรจีน แก้หูอักเสบ หูตึง ลมออกหู,Fake,0
ไทยยิงขีปนาวุธ 10 ลูก ใส่ลาวในสามเหลี่ยมทองคำ,ไทยยิงขีปนาวุธ ลูก ใส่ลาวในสามเหลี่ยมทองคำ,Fake,0
ประเทศไทยใช้ F-16 โจมตีพลเรือนหลายรายในกัมพูชา,ประเทศไทยใช้ F- โจมตีพลเรือนหลายรายในกัมพูชา,Fake,0
บีบสิวที่จมูก อาจทำให้สมองติดเชื้อ เสี่ยงเสียชีวิตได้,บีบสิวที่จมูก อาจทำให้สมองติดเชื้อ เสี่ยงเสียชีวิตได้,Real,1
กระทรวงยุติธรรม เปิดเพจรับลงทะเบียนคุ้มครองสิทธิ รอรับค่าเสียหายภายใน 3 วัน,กระทรวงยุติธรรม เปิดเพจรับลงทะเบียนคุ้มครองสิทธิ รอรับค่าเสียหายภายใน วัน,Fake,0
รัฐบาลอนุมัติเงินเยียวยาผู้ได้รับผลกระทบชายแดน สูงสุด 1 ล้านบาท,รัฐบาลอนุมัติเงินเยียวยาผู้ได้รับผลกระทบชายแดน สูงสุด ล้านบาท,Real,1
กองบัญชาการชายแดน จชต. ประกาศกฎอัยการศึก ในบางพื้นที่ จ.จันทบุรี และ จ.ตราด,กองบัญชาการชายแดน จชต. ประกาศกฎอัยการศึก ในบางพื้นที่ จ.จันทบุรี และ จ.ตราด,Real,1
"OR เสนอขายหุ้น IPO เปิดพอร์ตเริ่มต้น 5,000 รับปันผลวันละ 1,480 บาท","OR เสนอขายหุ้น IPO เปิดพอร์ตเริ่มต้น , รับปันผลวันละ , บาท",Fake,0
ปลอดภัยในหน้าฝน วิธีปฐมพยาบาลเมื่อโดนพิษแมงกะพรุนกล่อง,ปลอดภัยในหน้าฝน วิธีปฐมพยาบาลเมื่อโดนพิษแมงกะพรุนกล่อง,Real,1
ตัดวงจร #อาชญากรรมออนไลน์ 26 กรกฎาคม 2568,ตัดวงจร #อาชญากรรมออนไลน์ กรกฎาคม,Real,1
กองทัพภาคที่ 2 เปิดระดมทุนช่วยเหลือทหารไทยรบกัมพูชา,กองทัพภาคที่ เปิดระดมทุนช่วยเหลือทหารไทยรบกัมพูชา,Fake,0
ทหารไทย ไม่ได้โจมตีพื้นที่ปราสาทพระวิหาร,ทหารไทย ไม่ได้โจมตีพื้นที่ปราสาทพระวิหาร,Real,1
แม่ทัพอากาศประกาศกร้าว ถ้าเขมรไม่ถอย จะยึดทั้งประเทศ ขอเวลาเพียง 5 นาที,แม่ทัพอากาศประกาศกร้าว ถ้าเขมรไม่ถอย จะยึดทั้งประเทศ ขอเวลาเพียง นาที,Fake,0
ขอความร่วมมือไม่เชื่อ ไม่แชร์ภาพความรุนแรง หรือข่าวปลุกปั่น เชิญชวนใช้กำลังทำร้ายผู้บริสุทธิ์,ขอความร่วมมือไม่เชื่อ ไม่แชร์ภาพความรุนแรง หรือข่าวปลุกปั่น เชิญชวนใช้กำลังทำร้ายผู้บริสุทธิ์,Real,1
ทหารไทยยอมจํานนต่อรองกับกัมพูชา,ทหารไทยยอมจํานนต่อรองกับกัมพูชา,Fake,0
ทหารไทยเข้ายึดพื้นที่ปราสาทพระวิหารและวัดแก้วสิกขาคีรีสวาระ ที่เคยเป็นของไทยได้สำเร็จแล้ว,ทหารไทยเข้ายึดพื้นที่ปราสาทพระวิหารและวัดแก้วสิกขาคีรีสวาระ ที่เคยเป็นของไทยได้สำเร็จแล้ว,Fake,0
ทหารไทยเสียชีวิต 40 นาย ถูกจับกุม 30 นาย,ทหารไทยเสียชีวิต นาย ถูกจับกุม นาย,Fake,0
บริเวณภูเขาผี ทหารไทยยังคงยิงปะทะเข้ามาในพื้นที่กัมพูชาอย่างต่อเนื่อง ส่วนปราสาทตาเมือนธม ปราสาทตาควาย และบริเวณมุมเบย กัมพูชาควบคุมได้เต็ม 100% แล้ว,บริเวณภูเขาผี ทหารไทยยังคงยิงปะทะเข้ามาในพื้นที่กัมพูชาอย่างต่อเนื่อง ส่วนปราสาทตาเมือนธม ปราสาทตาควาย และบริเวณมุมเบย กัมพูชาควบคุมได้เต็ม % แล้ว,Fake,0
กองกำลังกัมพูชาควบคุมวัดท่ากระบี่ได้เต็มรูปแบบ ขับไล่ทหารไทยออก,กองกำลังกัมพูชาควบคุมวัดท่ากระบี่ได้เต็มรูปแบบ ขับไล่ทหารไทยออก,Fake,0
กองทัพกัมพูชา ยิงเครื่องบินรบไทยตกสําเร็จ,กองทัพกัมพูชา ยิงเครื่องบินรบไทยตกสําเร็จ,Fake,0
ระบบทะเบียนราษฎร ถูกล็อกและควบคุมโดยบริษัทเอกชน,ระบบทะเบียนราษฎร ถูกล็อกและควบคุมโดยบริษัทเอกชน,Fake,0
อุทยานแห่งชาติภูสอยดาว ประกาศปิดการท่องเที่ยวและพักแรมบริเวณลานสน,อุทยานแห่งชาติภูสอยดาว ประกาศปิดการท่องเที่ยวและพักแรมบริเวณลานสน,Real,1
วิธีรับมือน้ำท่วมอย่างมีสติ,วิธีรับมือน้ำท่วมอย่างมีสติ,Real,1
เพจเฟซบุ๊ก ชื่อ บริษัทจัดหางาน วี ดรากอน จำกัด รับรองโดยกรมแรงงาน เปิดรับสมัครงานฟาร์มออสเตรเลีย,เพจเฟซบุ๊ก ชื่อ บริษัทจัดหางาน วี ดรากอน จำกัด รับรองโดยกรมแรงงาน เปิดรับสมัครงานฟาร์มออสเตรเลีย,Fake,0
ข่าวเด่นน่าสนใจประจำสัปดาห์ (วันที่ 18 - 24 ก.ค. 68),ข่าวเด่นน่าสนใจประจำสัปดาห์ (วันที่ - ก.ค. ),Real,1
ตัดวงจร #อาชญากรรมออนไลน์ 25 กรกฎาคม 2568,ตัดวงจร #อาชญากรรมออนไลน์ กรกฎาคม,Real,1
"OKJ เปิดขายหุ้น IPO เริ่มลงทุนเพียง 1,300 บาท รับปันผล 520 บาท/วัน มี ก.ล.ต. รับรอง","OKJ เปิดขายหุ้น IPO เริ่มลงทุนเพียง , บาท รับปันผล บาท/วัน มี ก.ล.ต. รับรอง",Fake,0
24 ก.ค. 68 เวลา 12.00 น. หน้าสำนักงานป่าไม้ อ.เมือง จ.น่าน ระดับน้ำ 9.45 ม. สูงกว่าระดับตลิ่ง 2.45 ม.,ก.ค. เวลา . น. หน้าสำนักงานป่าไม้ อ.เมือง จ.น่าน ระดับน้ำ . ม. สูงกว่าระดับตลิ่ง . ม.,Real,1
สารไซคีเดลิก รักษาโรคซึมเศร้าให้หายขาดได้ในรอบเดียว,สารไซคีเดลิก รักษาโรคซึมเศร้าให้หายขาดได้ในรอบเดียว,Fake,0
โรคผื่นกุหลาบ เสี่ยงต่อการแท้งบุตร,โรคผื่นกุหลาบ เสี่ยงต่อการแท้งบุตร,Real,1
ไทยอุดหนุนเงินให้กัมพูชา สร้างถนน-ปรับปรุงด่านทั้งหมด 4 พันล้านบาท,ไทยอุดหนุนเงินให้กัมพูชา สร้างถนน-ปรับปรุงด่านทั้งหมด พันล้านบาท,Fake,0
ขอความร่วมมืองดเผยแพร่ภาพ/ข้อมูลที่เกี่ยวข้องกับการปฏิบัติการทางทหาร,ขอความร่วมมืองดเผยแพร่ภาพ/ข้อมูลที่เกี่ยวข้องกับการปฏิบัติการทางทหาร,Real,1
หากเกิดแผ่นดินไหวขนาดใหญ่ที่ร่องลึกมะนิลา อาจทำให้เกิดสึนามิกระทบไทย,หากเกิดแผ่นดินไหวขนาดใหญ่ที่ร่องลึกมะนิลา อาจทำให้เกิดสึนามิกระทบไทย,Real,1
ปปง. เร่งคืนทรัพย์ให้ผู้เสียหาย ติดต่อส่งหลักฐานลงทะเบียนได้ที่ เพจ Online Crime Assistance Office Th,ปปง. เร่งคืนทรัพย์ให้ผู้เสียหาย ติดต่อส่งหลักฐานลงทะเบียนได้ที่ เพจ Online Crime Assistance Office Th,Fake,0
5 สัญญาณบ่งชี้ว่าคุณกำลังติดอินเทอร์เน็ต,สัญญาณบ่งชี้ว่าคุณกำลังติดอินเทอร์เน็ต,Real,1
ตัดวงจร #อาชญากรรมออนไลน์ 24 กรกฎาคม 2568,ตัดวงจร #อาชญากรรมออนไลน์ กรกฎาคม,Real,1
กระทรวงกลาโหม จัดประชุม GBC เซ็นสัญญายอมให้ทหารกัมพูชาเข้ามาประจำการที่ปราสาทตาเมือนธม,กระทรวงกลาโหม จัดประชุม GBC เซ็นสัญญายอมให้ทหารกัมพูชาเข้ามาประจำการที่ปราสาทตาเมือนธม,Fake,0
"OR ชวนร่วมเป็นเจ้าของกิจการ ลงทุนหุ้น IPO เริ่มต้น 1,000 บาท ปันผล 290 บาทต่อวัน","OR ชวนร่วมเป็นเจ้าของกิจการ ลงทุนหุ้น IPO เริ่มต้น , บาท ปันผล บาทต่อวัน",Fake,0
กระทรวงยุติธรรม เปิดเพจเฟซบุ๊กชื่อ Technology Crime Suppression Center,กระทรวงยุติธรรม เปิดเพจเฟซบุ๊กชื่อ Technology Crime Suppression Center,Fake,0
"หุ้น OKJ เปิดเทรดวันแรก ราคาเปิดพอร์ตเริ่มต้น 1,000 บาท แนะนำโดยผู้บริหารตลาดหลักทรัพย์ฯ","หุ้น OKJ เปิดเทรดวันแรก ราคาเปิดพอร์ตเริ่มต้น , บาท แนะนำโดยผู้บริหารตลาดหลักทรัพย์ฯ",Fake,0
"กรุงไทย เปิดให้จองสิทธิ์ยืมเงิน 100,000 บาท ลงทะเบียนได้ที่ TikTok ktb.thai","กรุงไทย เปิดให้จองสิทธิ์ยืมเงิน , บาท ลงทะเบียนได้ที่ TikTok ktb.thai",Fake,0
เข้าห้องน้ำก่อนปวด เสี่ยงกระเพาะปัสสาวะพัง,เข้าห้องน้ำก่อนปวด เสี่ยงกระเพาะปัสสาวะพัง,Fake,0
ก.ล.ต. เปิดเว็บไซต์ให้ผู้ลงทุนสะสมคะแนน,ก.ล.ต. เปิดเว็บไซต์ให้ผู้ลงทุนสะสมคะแนน,Fake,0
ฝนตก ยุงกัด รวม 5 วิธีป้องกันยุงลายหลีกเลี่ยงไข้เลือดออก,ฝนตก ยุงกัด รวม วิธีป้องกันยุงลายหลีกเลี่ยงไข้เลือดออก,Real,1
ตัดวงจร #อาชญากรรมออนไลน์ 23 กรกฎาคม 2568,ตัดวงจร #อาชญากรรมออนไลน์ กรกฎาคม,Real,1
เตรียมรับมือ พายุวิภา เข้าไทย ศูนย์กลางผ่าน จ.น่าน ทำภาคเหนือ อีสาน กลาง เสี่ยงน้ำท่วม,เตรียมรับมือ พายุวิภา เข้าไทย ศูนย์กลางผ่าน จ.น่าน ทำภาคเหนือ อีสาน กลาง เสี่ยงน้ำท่วม,Fake,0
วันที่ 23 ก.ค. 68 จะเกิดปรากฏการณ์ Red Rain ถล่ม อ.เมือง จ.เชียงราย นานถึง 40 ชม.,วันที่ ก.ค. จะเกิดปรากฏการณ์ Red Rain ถล่ม อ.เมือง จ.เชียงราย นานถึง ชม.,Fake,0
เตือน 9 จังหวัด ภาคกลางตอนบนและภาคเหนือ มีฝนตกหนักต่อเนื่อง ทำดินถล่ม-น้ำป่าไหลหลาก,เตือน จังหวัด ภาคกลางตอนบนและภาคเหนือ มีฝนตกหนักต่อเนื่อง ทำดินถล่ม-น้ำป่าไหลหลาก,Fake,0
"ออมสินเปิดสินเชื่อให้ยืม ผ่านเพจ LEASE it PCL 3897 วงเงินสูงสุด 1,000,000 บาท","ออมสินเปิดสินเชื่อให้ยืม ผ่านเพจ LEASE it PCL วงเงินสูงสุด ,, บาท",Fake,0
กยศ. เร่งคืนเงินให้ผู้กู้ยืมที่ถูกหักเงินซ้ำซ้อน,กยศ. เร่งคืนเงินให้ผู้กู้ยืมที่ถูกหักเงินซ้ำซ้อน,Real,1
การบ่นทำให้ร่างกายอักเสบ ส่งผลร้ายเทียบเท่าการสูบบุหรี่,การบ่นทำให้ร่างกายอักเสบ ส่งผลร้ายเทียบเท่าการสูบบุหรี่,Fake,0
ผู้ป่วยโรคฝีดาษในประเทศไทยลดน้อยลงในปี 2568,ผู้ป่วยโรคฝีดาษในประเทศไทยลดน้อยลงในปี,Real,1
ขนส่งฯ เปิดรับทำใบขับขี่ออนไลน์ สำหรับบุคคลที่ไม่เคยมีใบขับขี่มาก่อน จัดส่งฟรีทั่วประเทศ,ขนส่งฯ เปิดรับทำใบขับขี่ออนไลน์ สำหรับบุคคลที่ไม่เคยมีใบขับขี่มาก่อน จัดส่งฟรีทั่วประเทศ,Fake,0
5 สัญญาณเงียบ เตือนภาวะความดันสูง,สัญญาณเงียบ เตือนภาวะความดันสูง,Fake,0
ธนาคารกรุงไทย ปล่อยสินเชื่อผ่านบัญชี TikTok @oappqshckv7,ธนาคารกรุงไทย ปล่อยสินเชื่อผ่านบัญชี TikTok @oappqshckv,Fake,0
ควันและนิโคติน ภัยจากบุหรี่ไฟฟ้าที่อาจถึงตายได้,ควันและนิโคติน ภัยจากบุหรี่ไฟฟ้าที่อาจถึงตายได้,Real,1
ตัดวงจร #อาชญากรรมออนไลน์ 22 กรกฎาคม 2568,ตัดวงจร #อาชญากรรมออนไลน์ กรกฎาคม,Real,1
พายุวิภา ส่งผลแรงกระทบไทยถึง 24 ก.ค. 68,พายุวิภา ส่งผลแรงกระทบไทยถึง ก.ค.,Real,1
กินทุเรียนกับน้ำอัดลมพิษร้ายแรงกว่าพิษงูเห่า,กินทุเรียนกับน้ำอัดลมพิษร้ายแรงกว่าพิษงูเห่า,Fake,0
ปปง. เปิดช่องทางออนไลน์ให้ลงทะเบียนรับเงินคืน ผ่านเพจ Help and prevent online scams,ปปง. เปิดช่องทางออนไลน์ให้ลงทะเบียนรับเงินคืน ผ่านเพจ Help and prevent online scams,Fake,0
ประกาศขึ้นทะเบียน GI เหล้าแป้ สุราท้องถิ่นเมืองแพร่,ประกาศขึ้นทะเบียน GI เหล้าแป้ สุราท้องถิ่นเมืองแพร่,Real,1
ก.ล.ต. เปิดลงทุนผ่านเว็บไซต์ CME Group,ก.ล.ต. เปิดลงทุนผ่านเว็บไซต์ CME Group,Fake,0
ใช้เบกกิ้งโซดา เพียง 10 วินาที กำจัดเชื้อราที่เท้าได้อย่างสมบูรณ์,ใช้เบกกิ้งโซดา เพียง วินาที กำจัดเชื้อราที่เท้าได้อย่างสมบูรณ์,Fake,0
ดื่มแอลกอฮอล์แล้วหน้าแดง เสี่ยงตับพัง,ดื่มแอลกอฮอล์แล้วหน้าแดง เสี่ยงตับพัง,Real,1
ป้องกันตัวจากโรคร้ายที่มาพร้อมกับน้ำท่วม,ป้องกันตัวจากโรคร้ายที่มาพร้อมกับน้ำท่วม,Real,1
ตัดวงจร #อาชญากรรมออนไลน์ 21 กรกฎาคม 2568,ตัดวงจร #อาชญากรรมออนไลน์ กรกฎาคม,Real,1
กยศ. หักเงินอัตโนมัติจากบัญชี SCB,กยศ. หักเงินอัตโนมัติจากบัญชี SCB,Fake,0
"อยากเป็นเจ้าของ Amazon ต้องลงทุนหุ้น OR เริ่มต้น 1,000 บาท รับปันผล 390 บาท","อยากเป็นเจ้าของ Amazon ต้องลงทุนหุ้น OR เริ่มต้น , บาท รับปันผล บาท",Fake,0
ยกเลิกชะลอจัดส่งแรงงานไทยไปทำงานอิสราเอล ในพื้นที่สีเขียว,ยกเลิกชะลอจัดส่งแรงงานไทยไปทำงานอิสราเอล ในพื้นที่สีเขียว,Real,1
ชาวจีนสามารถเปิดร้านค้าในไทยได้โดยไม่ต้องมีวีซ่า,ชาวจีนสามารถเปิดร้านค้าในไทยได้โดยไม่ต้องมีวีซ่า,Fake,0
ระบบกองทุน กยศ. (DSL) ที่สร้างโดยธนาคารกรุงไทย ยิ่งส่ง ยอดยิ่งเพิ่ม,ระบบกองทุน กยศ. (DSL) ที่สร้างโดยธนาคารกรุงไทย ยิ่งส่ง ยอดยิ่งเพิ่ม,Fake,0
PTT ส่ง SMS เตือนแต้มบลูการ์ดใกล้หมดอายุ ให้รีบกดใช้ผ่านลิงก์,PTT ส่ง SMS เตือนแต้มบลูการ์ดใกล้หมดอายุ ให้รีบกดใช้ผ่านลิงก์,Fake,0
กินผลไม้สดขณะท้องว่าง ช่วยรักษามะเร็ง,กินผลไม้สดขณะท้องว่าง ช่วยรักษามะเร็ง,Fake,0
5 กลลวงที่ต้องระวัง ถ้าไม่อยากทำบุญออนไลน์กับมิจฉาชีพ,กลลวงที่ต้องระวัง ถ้าไม่อยากทำบุญออนไลน์กับมิจฉาชีพ,Real,1
ตัดวงจร #อาชญากรรมออนไลน์ 20 กรกฎาคม 2568,ตัดวงจร #อาชญากรรมออนไลน์ กรกฎาคม,Real,1
CISPI จัดทำหนังสือ World Soft Power Focus E- Magazine,CISPI จัดทำหนังสือ World Soft Power Focus E- Magazine,Fake,0
SET เปิดสอนให้ความรู้เกี่ยวกับตลาดหุ้นไทยฟรี ผ่านเพจ SET Education,SET เปิดสอนให้ความรู้เกี่ยวกับตลาดหุ้นไทยฟรี ผ่านเพจ SET Education,Fake,0
แบงค์ชาติ เตือน ปชช. ให้พกเงินสดไว้ 3-6 เดือน เพราะจะเกิดการล็อกดาวน์ทั่วประเทศ และทั่วโลก,แบงค์ชาติ เตือน ปชช. ให้พกเงินสดไว้ - เดือน เพราะจะเกิดการล็อกดาวน์ทั่วประเทศ และทั่วโลก,Fake,0
ปี 2568 กรุงเทพฯ และปริมณฑล เสี่ยงน้ำท่วมถาวร,ปี กรุงเทพฯ และปริมณฑล เสี่ยงน้ำท่วมถาวร,Fake,0
คุมเข้ม “ยาทรามาดอล” สูตรยาเดี่ยวชนิดรับประทาน เป็นยาควบคุมพิเศษ,คุมเข้ม “ยาทรามาดอล” สูตรยาเดี่ยวชนิดรับประทาน เป็นยาควบคุมพิเศษ,Real,1
ไทยลักลอบส่งออกนมสดไปกัมพูชา,ไทยลักลอบส่งออกนมสดไปกัมพูชา,Fake,0
ธ.ออมสิน ปล่อยสินเชื่อ ผ่านบัญชี TikTok ชื่อ user60677587811691,ธ.ออมสิน ปล่อยสินเชื่อ ผ่านบัญชี TikTok ชื่อ user,Fake,0
วิธีขับรถให้ปลอดภัย เมื่อเจอน้ำท่วม,วิธีขับรถให้ปลอดภัย เมื่อเจอน้ำท่วม,Real,1
ตัดวงจร #อาชญากรรมออนไลน์ 19 กรกฎาคม 2568,ตัดวงจร #อาชญากรรมออนไลน์ กรกฎาคม,Real,1
กรมศุลกากรกัมพูชาให้นำเข้าสินค้าไทยได้ปกติ ยกเว้นผักผลไม้กับน้ำมัน,กรมศุลกากรกัมพูชาให้นำเข้าสินค้าไทยได้ปกติ ยกเว้นผักผลไม้กับน้ำมัน,Real,1
ธนาคารออมสิน เปิดขายหวยออนไลน์ถูกกฎหมายทางเฟซบุ๊ก,ธนาคารออมสิน เปิดขายหวยออนไลน์ถูกกฎหมายทางเฟซบุ๊ก,Fake,0
พิษของผึ้ง ทำลายเซลล์มะเร็งเต้านมรุนแรงได้ โดยไม่กระทบเซลล์ปกติ,พิษของผึ้ง ทำลายเซลล์มะเร็งเต้านมรุนแรงได้ โดยไม่กระทบเซลล์ปกติ,Fake,0
19 - 23 ก.ค. 68 ไทยจะมีฝนเพิ่มขึ้น,- ก.ค. ไทยจะมีฝนเพิ่มขึ้น,Real,1
"เพจ Amazon Coffee สร้างงานสร้างธุรกิจ เปิดขายหุ้น OR เริ่มต้น 3,000 บาท รับปันผลรายวัน 1,170 บาท","เพจ Amazon Coffee สร้างงานสร้างธุรกิจ เปิดขายหุ้น OR เริ่มต้น , บาท รับปันผลรายวัน , บาท",Fake,0
เชื้อวิบริโอแฝงตัวในหอยนางรมดิบ ทำให้ติดเชื้อในกระแสเลือดได้,เชื้อวิบริโอแฝงตัวในหอยนางรมดิบ ทำให้ติดเชื้อในกระแสเลือดได้,Real,1
ทำใบขับขี่ถูกกฎหมาย ได้ทั้งรถยนต์-มอเตอร์ไซค์ ติดต่อเพจเฟซบุ๊กธิติรัตน์ รับทำใบขับขี่ออนไลน์,ทำใบขับขี่ถูกกฎหมาย ได้ทั้งรถยนต์-มอเตอร์ไซค์ ติดต่อเพจเฟซบุ๊กธิติรัตน์ รับทำใบขับขี่ออนไลน์,Fake,0
ข่าวเด่นน่าสนใจประจำสัปดาห์ (วันที่ 11 - 17 ก.ค. 68),ข่าวเด่นน่าสนใจประจำสัปดาห์ (วันที่ - ก.ค. ),Real,1
ห้ามจับ!! มังกรทะเลสีน้ำเงิน (Blue Dragon) สวยพิษร้าย อันตรายถึงชีวิต,ห้ามจับ!! มังกรทะเลสีน้ำเงิน (Blue Dragon) สวยพิษร้าย อันตรายถึงชีวิต,Real,1
ตัดวงจร #อาชญากรรมออนไลน์ 18 กรกฎาคม 2568,ตัดวงจร #อาชญากรรมออนไลน์ กรกฎาคม,Real,1
16 ก.ค. 68 อ.สอง จ.แพร่ น้ำใกล้ล้นตลิ่ง ริมแม่น้ำยม จ.สุโขทัย เตรียมยกของขึ้นที่สูง,ก.ค. อ.สอง จ.แพร่ น้ำใกล้ล้นตลิ่ง ริมแม่น้ำยม จ.สุโขทัย เตรียมยกของขึ้นที่สูง,Fake,0
กัมพูชา นำวรรณกรรมไทย 22 เรื่อง ไปขึ้นทะเบียนมรดกโลก,กัมพูชา นำวรรณกรรมไทย เรื่อง ไปขึ้นทะเบียนมรดกโลก,Fake,0
กรมบัญชีกลาง ออกหนังสือมอบอำนาจ ให้ บริษัท ปตท. จำกัด (มหาชน) เป็นผู้ให้บริการด้านการลงทุน,กรมบัญชีกลาง ออกหนังสือมอบอำนาจ ให้ บริษัท ปตท. จำกัด (มหาชน) เป็นผู้ให้บริการด้านการลงทุน,Fake,0
สำนักงานสลากกินแบ่งรัฐบาล เปิดช่อง TikTok ชื่อ logvognaii แจกเลขล็อก,สำนักงานสลากกินแบ่งรัฐบาล เปิดช่อง TikTok ชื่อ logvognaii แจกเลขล็อก,Fake,0
ปปง. ร่วมกับ CIB เปิดโอกาสให้ผู้เสียหาย ลงทะเบียนขอสิทธิคุ้มครองรับเงินคืน ผ่านเพจ Alf Zulauf,ปปง. ร่วมกับ CIB เปิดโอกาสให้ผู้เสียหาย ลงทะเบียนขอสิทธิคุ้มครองรับเงินคืน ผ่านเพจ Alf Zulauf,Fake,0
เหนื่อยง่าย แน่นหน้าอก และอึดอัดเมื่อนอนราบ เป็นสัญญาณเตือนภาวะหัวใจวาย,เหนื่อยง่าย แน่นหน้าอก และอึดอัดเมื่อนอนราบ เป็นสัญญาณเตือนภาวะหัวใจวาย,Fake,0
"OR เปิดขายหุ้น IPO ให้ ปชช. ลงทุนธุรกิจ Café Amazon เริ่มต้นเพียง 1,000 บาท ผ่านเพจ Stock Dreamy Coffee","OR เปิดขายหุ้น IPO ให้ ปชช. ลงทุนธุรกิจ Café Amazon เริ่มต้นเพียง , บาท ผ่านเพจ Stock Dreamy Coffee",Fake,0
ป้องกันฟ้าผ่า ทุกที่ ทุกสถานการณ์,ป้องกันฟ้าผ่า ทุกที่ ทุกสถานการณ์,Real,1
ตัดวงจร #อาชญากรรมออนไลน์ 17 กรกฎาคม 2568,ตัดวงจร #อาชญากรรมออนไลน์ กรกฎาคม,Real,1
กลุ่มปราสาทตาเมือนเป็นโบราณสถานของไทย,กลุ่มปราสาทตาเมือนเป็นโบราณสถานของไทย,Real,1
เจ้าหน้าที่กรมบัญชีกลาง ติดต่อแจ้งวิธีผูกบัญชีเพื่อขอรับเงิน ช.ค.บ.,เจ้าหน้าที่กรมบัญชีกลาง ติดต่อแจ้งวิธีผูกบัญชีเพื่อขอรับเงิน ช.ค.บ.,Fake,0
TikTok ชื่อ ktb0357 ของธนาคารกรุงไทย ปล่อยสินเชื่อเงินด่วน,TikTok ชื่อ ktb ของธนาคารกรุงไทย ปล่อยสินเชื่อเงินด่วน,Fake,0
กรมการจัดหางาน เปิดรับสมัครงานแพ็กของที่บ้าน ผ่านเพจ บ้านงานฝีมือ,กรมการจัดหางาน เปิดรับสมัครงานแพ็กของที่บ้าน ผ่านเพจ บ้านงานฝีมือ,Fake,0
รฟท. เปิดตัวรถด่วนคริสตัล 2026 เส้นทางกรุงเทพฯ-เชียงใหม่,รฟท. เปิดตัวรถด่วนคริสตัล เส้นทางกรุงเทพฯ-เชียงใหม่,Fake,0
"OR เปิดขายหุ้น IPO ลงทุนเริ่มต้น 1,000 บาท รับปันผล 290 บาทต่อวัน","OR เปิดขายหุ้น IPO ลงทุนเริ่มต้น , บาท รับปันผล บาทต่อวัน",Fake,0
กองสลากฯ สั่งล็อกเลขสลากกินแบ่งรัฐบาล งวดวันที่ 16 ก.ค. 68,กองสลากฯ สั่งล็อกเลขสลากกินแบ่งรัฐบาล งวดวันที่ ก.ค.,Fake,0
ระวังให้ดี! 4 โรคร้ายในหน้าฝน,ระวังให้ดี! โรคร้ายในหน้าฝน,Real,1
ตัดวงจร #อาชญากรรมออนไลน์ 16 กรกฎาคม 2568,ตัดวงจร #อาชญากรรมออนไลน์ กรกฎาคม,Real,1
ติดต่อรับเงินคืนจากการถูกฉ้อโกงออนไลน์ ผ่านเพจ กองอำนวยการรักษาความมั่นคงภายในราชอาณาจักร,ติดต่อรับเงินคืนจากการถูกฉ้อโกงออนไลน์ ผ่านเพจ กองอำนวยการรักษาความมั่นคงภายในราชอาณาจักร,Fake,0
กรมอุตุฯ อัปเดตหลังกลางเดือน ก.ค. 68 ฝนจะเริ่มกลับมาตกเพิ่มขึ้น,กรมอุตุฯ อัปเดตหลังกลางเดือน ก.ค. ฝนจะเริ่มกลับมาตกเพิ่มขึ้น,Real,1
PTT ส่ง SMS ให้คลิกลิงก์ใช้คะแนนสะสมก่อนหมดอายุ,PTT ส่ง SMS ให้คลิกลิงก์ใช้คะแนนสะสมก่อนหมดอายุ,Fake,0
ราคาลำไยลดลงเหลือกิโลกรัมละ 1 บาท,ราคาลำไยลดลงเหลือกิโลกรัมละ บาท,Fake,0
คนไทยติดเชื้อ HIV 6 แสนคน เฉลี่ยชั่วโมงละ 2 คน,คนไทยติดเชื้อ HIV แสนคน เฉลี่ยชั่วโมงละ คน,Fake,0
"ธนาคารกรุงไทยปล่อยสินเชื่อ ครัวเรือนละ 200,000 บาท ผ่อนนาน 60 เดือน","ธนาคารกรุงไทยปล่อยสินเชื่อ ครัวเรือนละ , บาท ผ่อนนาน เดือน",Fake,0
ยกเลิก สะเดา-ข่า-ตะไคร้หอม จากบัญชีวัตถุอันตราย,ยกเลิก สะเดา-ข่า-ตะไคร้หอม จากบัญชีวัตถุอันตราย,Real,1
สังเกต Email ปลอม ลวงหลอกให้กด,สังเกต Email ปลอม ลวงหลอกให้กด,Real,1
ตัดวงจร #อาชญากรรมออนไลน์ 15 กรกฎาคม 2568,ตัดวงจร #อาชญากรรมออนไลน์ กรกฎาคม,Real,1
"กระทรวงดิจิทัลฯ ประกาศรับสมัคร เจ้าหน้าที่ประจำศูนย์ดิจิทัลชุมชน มีค่าแรกเข้า 50,000 บาท","กระทรวงดิจิทัลฯ ประกาศรับสมัคร เจ้าหน้าที่ประจำศูนย์ดิจิทัลชุมชน มีค่าแรกเข้า , บาท",Fake,0
ตลาดหลักทรัพย์ฯ แนะนำทางสำหรับนักลงทุนมือใหม่ เข้าร่วมปันผลกับหุ้น OKJ,ตลาดหลักทรัพย์ฯ แนะนำทางสำหรับนักลงทุนมือใหม่ เข้าร่วมปันผลกับหุ้น OKJ,Fake,0
กระทรวงการคลัง ออกใบอนุญาตประกอบธุรกิจบริการการชำระเงินภายใต้กำกับให้ ปตท.,กระทรวงการคลัง ออกใบอนุญาตประกอบธุรกิจบริการการชำระเงินภายใต้กำกับให้ ปตท.,Fake,0
แผ่นดินไหวบริเวณหมู่เกาะนิโคบาร์ มหาสมุทรอินเดีย ไม่มีผลกระทบต่อไทย,แผ่นดินไหวบริเวณหมู่เกาะนิโคบาร์ มหาสมุทรอินเดีย ไม่มีผลกระทบต่อไทย,Real,1
สำนักงาน ก.ล.ต. แจ้งสัญญาข้อกำหนดและเงื่อนไขการจ่ายกำไร,สำนักงาน ก.ล.ต. แจ้งสัญญาข้อกำหนดและเงื่อนไขการจ่ายกำไร,Fake,0
ปิดการท่องเที่ยวและพักค้างแรมในอุทยานแห่งชาติแม่จริม จ.น่าน,ปิดการท่องเที่ยวและพักค้างแรมในอุทยานแห่งชาติแม่จริม จ.น่าน,Real,1
"OR เปิดเสนอขายหุ้นสามัญ IPO ให้ประชาชนทั่วไป เริ่มต้น 5,000 บาท ปันผลวันละ 1,480 บาท","OR เปิดเสนอขายหุ้นสามัญ IPO ให้ประชาชนทั่วไป เริ่มต้น , บาท ปันผลวันละ , บาท",Fake,0
เปิดแอร์ผิดวิธี เสี่ยงน้ำตาลในเลือดเพิ่ม,เปิดแอร์ผิดวิธี เสี่ยงน้ำตาลในเลือดเพิ่ม,Fake,0
ซื้อใบขับขี่ออนไลน์ เสี่ยงสูญข้อมูล เสียทั้งทรัพย์สิน,ซื้อใบขับขี่ออนไลน์ เสี่ยงสูญข้อมูล เสียทั้งทรัพย์สิน,Real,1
ตัดวงจร #อาชญากรรมออนไลน์ 14 กรกฎาคม 2568,ตัดวงจร #อาชญากรรมออนไลน์ กรกฎาคม,Real,1
ตลาดหลักทรัพย์แห่งประเทศไทย เปิดเพจเฟซบุ๊ก Carlos Blacke,ตลาดหลักทรัพย์แห่งประเทศไทย เปิดเพจเฟซบุ๊ก Carlos Blacke,Fake,0
กระทรวงยุติธรรม เปิดเพจเฟซบุ๊กให้ผู้ถูกหลอกลวงทางออนไลน์ ลงทะเบียนรับเงินคืน,กระทรวงยุติธรรม เปิดเพจเฟซบุ๊กให้ผู้ถูกหลอกลวงทางออนไลน์ ลงทะเบียนรับเงินคืน,Fake,0
วัสดุทำบัตรประชาชนขาดแคลน,วัสดุทำบัตรประชาชนขาดแคลน,Fake,0
ปราสาทตาควาย อยู่ในเขตแดนและอธิปไตยของกัมพูชา,ปราสาทตาควาย อยู่ในเขตแดนและอธิปไตยของกัมพูชา,Fake,0
ธารน้ำแข็งขั้วโลกกำลังละลาย อย่างรวดเร็ว ส่งผลต่อระดับน้ำทะเล,ธารน้ำแข็งขั้วโลกกำลังละลาย อย่างรวดเร็ว ส่งผลต่อระดับน้ำทะเล,Real,1
กระทรวงสาธารณสุข ยืนยัน เบกกิ้งโซดา ช่วยให้สายตากลับมามองเห็นชัดใน 5 วัน,กระทรวงสาธารณสุข ยืนยัน เบกกิ้งโซดา ช่วยให้สายตากลับมามองเห็นชัดใน วัน,Fake,0
"ลงทุนหุ้น OR เพื่อร่วมเป็นเจ้าของร้านกาแฟ เริ่มต้น 5,000.- รับปันผล 1,480.- /วัน","ลงทุนหุ้น OR เพื่อร่วมเป็นเจ้าของร้านกาแฟ เริ่มต้น ,.- รับปันผล ,.- /วัน",Fake,0
พื้นฐานควรรู้ ใช้อินเทอร์เน็ตอย่างไรให้ปลอดภัย,พื้นฐานควรรู้ ใช้อินเทอร์เน็ตอย่างไรให้ปลอดภัย,Real,1
ตัดวงจร #อาชญากรรมออนไลน์ 13 กรกฎาคม 2568,ตัดวงจร #อาชญากรรมออนไลน์ กรกฎาคม,Real,1
"โอ้กะจู๋ จับมือ OR เปิดขายหุ้น เริ่มต้น 1,000 บาท รับปันผล 390 บาทต่อวัน พร้อมผู้เชี่ยวชาญจาก ก.ล.ต. ให้คำแนะนำ","โอ้กะจู๋ จับมือ OR เปิดขายหุ้น เริ่มต้น , บาท รับปันผล บาทต่อวัน พร้อมผู้เชี่ยวชาญจาก ก.ล.ต. ให้คำแนะนำ",Fake,0
เพจ ออมสินพลัส โดย ธ.ออมสิน เปิดขายหวยออนไลน์ถูกกฎหมาย,เพจ ออมสินพลัส โดย ธ.ออมสิน เปิดขายหวยออนไลน์ถูกกฎหมาย,Fake,0
ลงทุนหุ้น OKJ กับเพจ สวนผักสลัดพันล้าน ปลูกผักด้วยความรัก มีผู้เชี่ยวชาญจาก ก.ล.ต. ให้คำแนะนำ,ลงทุนหุ้น OKJ กับเพจ สวนผักสลัดพันล้าน ปลูกผักด้วยความรัก มีผู้เชี่ยวชาญจาก ก.ล.ต. ให้คำแนะนำ,Fake,0
กองทัพไทย ส่งหน่วยพร้อมรบเคลื่อนที่เร็ว (RDF) เข้าทำลายข้าศึก จบสงครามได้ราบคาบ,กองทัพไทย ส่งหน่วยพร้อมรบเคลื่อนที่เร็ว (RDF) เข้าทำลายข้าศึก จบสงครามได้ราบคาบ,Fake,0
กรมพัฒนาธุรกิจการค้า ออกใบทะเบียนพาณิชย์ให้ Siam.Chan ประกอบธุรกิจจำหน่ายเฟอร์นิเจอร์,กรมพัฒนาธุรกิจการค้า ออกใบทะเบียนพาณิชย์ให้ Siam.Chan ประกอบธุรกิจจำหน่ายเฟอร์นิเจอร์,Fake,0
ธนาคารกรุงไทยเปิด TikTok ใหม่ ให้บริการสินเชื่อ ผ่านบัญชี ktb.online5,ธนาคารกรุงไทยเปิด TikTok ใหม่ ให้บริการสินเชื่อ ผ่านบัญชี ktb.online,Fake,0
PTT ส่ง SMS แบบลิงก์ แจ้งให้ผู้ใช้บริการรีบใช้คะแนนสะสม,PTT ส่ง SMS แบบลิงก์ แจ้งให้ผู้ใช้บริการรีบใช้คะแนนสะสม,Fake,0
รับมือเบอร์แปลกด้วยสติ,รับมือเบอร์แปลกด้วยสติ,Real,1
ตัดวงจร #อาชญากรรมออนไลน์ 12 กรกฎาคม 2568,ตัดวงจร #อาชญากรรมออนไลน์ กรกฎาคม,Real,1
ครม. อนุมัติรถไฟฟ้า 20 บาทตลอดสาย,ครม. อนุมัติรถไฟฟ้า บาทตลอดสาย,Real,1
แม่ทัพภาคที่ 2 เปิดรับบริจาคข้าวสารให้ทหารแนวหน้า,แม่ทัพภาคที่ เปิดรับบริจาคข้าวสารให้ทหารแนวหน้า,Fake,0
ปปง. เปิดเพจ Past 02 ให้ประชาชนแจ้งขอรับเงินคืนจากการถูกหลอก,ปปง. เปิดเพจ Past ให้ประชาชนแจ้งขอรับเงินคืนจากการถูกหลอก,Fake,0
กัมพูชายื่น UNESCO ขอชุดไทยแลกเปลี่ยนเพื่อจบปัญหาชายแดน,กัมพูชายื่น UNESCO ขอชุดไทยแลกเปลี่ยนเพื่อจบปัญหาชายแดน,Fake,0
กรมประมง ขยายโควตารับซื้อปลาหมอคางดำเพิ่ม 6 แสนกิโล,กรมประมง ขยายโควตารับซื้อปลาหมอคางดำเพิ่ม แสนกิโล,Real,1
เว็บไซต์ใหม่ของสำนักงาน ก.ล.ต.,เว็บไซต์ใหม่ของสำนักงาน ก.ล.ต.,Fake,0
ข่าวเด่นน่าสนใจประจำสัปดาห์ (วันที่ 4 - 10 ก.ค. 68),ข่าวเด่นน่าสนใจประจำสัปดาห์ (วันที่ - ก.ค. ),Real,1
PTT ส่ง SMS แจ้งผู้ใช้บริการ ให้แลกคะแนนสะสมผ่านลิงก์,PTT ส่ง SMS แจ้งผู้ใช้บริการ ให้แลกคะแนนสะสมผ่านลิงก์,Fake,0
วันเข้าพรรษา,วันเข้าพรรษา,Real,1
ตัดวงจร #อาชญากรรมออนไลน์ 11 กรกฎาคม 2568,ตัดวงจร #อาชญากรรมออนไลน์ กรกฎาคม,Real,1
SMS แนบลิงก์ = SMS ปลอม,SMS แนบลิงก์ = SMS ปลอม,Real,1
เผยคลิปลับ เจ้าหน้าที่สำนักงานตรวจคนเข้าเมือง เป็นเพื่อนกับเจ้าของร้านอาหารชาวจีน,เผยคลิปลับ เจ้าหน้าที่สำนักงานตรวจคนเข้าเมือง เป็นเพื่อนกับเจ้าของร้านอาหารชาวจีน,Fake,0
เปิดบริการรับทำใบขับขี่ไทยให้ชาวจีน ผ่าน TikTok ชื่อ qkooytuiw7d,เปิดบริการรับทำใบขับขี่ไทยให้ชาวจีน ผ่าน TikTok ชื่อ qkooytuiwd,Fake,0
"รัฐบาลไทยเก็บภาษีไม่เข้าเป้า ขาดกว่า 12,000 ล้าน ทำให้ต้องกู้เพิ่ม 7.7 แสนล้านบาท","รัฐบาลไทยเก็บภาษีไม่เข้าเป้า ขาดกว่า , ล้าน ทำให้ต้องกู้เพิ่ม . แสนล้านบาท",Fake,0
"OR เสนอขายหุ้นสามัญเพิ่มทุนแก่ประชาชนทั่วไปครั้งแรก (IPO) ลงทุน 1,000-3,000 บาท รับคืน 290-990 บาทต่อวัน","OR เสนอขายหุ้นสามัญเพิ่มทุนแก่ประชาชนทั่วไปครั้งแรก (IPO) ลงทุน ,-, บาท รับคืน - บาทต่อวัน",Fake,0
กัมพูชาเร่งให้ไทยส่งคืนวัตถุโบราณ 20 รายการ โดยจะออกค่าใช้จ่ายเองทั้งหมด,กัมพูชาเร่งให้ไทยส่งคืนวัตถุโบราณ รายการ โดยจะออกค่าใช้จ่ายเองทั้งหมด,Fake,0
ประชาสัมพันธ์ กรมประมง เปิดเพจเฟซบุ๊กสำรอง,ประชาสัมพันธ์ กรมประมง เปิดเพจเฟซบุ๊กสำรอง,Fake,0
สำนักงาน ปปง. คืนเงินเหยื่อแก๊งคอลเซ็นเตอร์ ผ่านเพจ สอบสวน,สำนักงาน ปปง. คืนเงินเหยื่อแก๊งคอลเซ็นเตอร์ ผ่านเพจ สอบสวน,Fake,0
วันอาสาฬหบูชา,วันอาสาฬหบูชา,Real,1
ตัดวงจร #อาชญากรรมออนไลน์ 10 กรกฎาคม 2568,ตัดวงจร #อาชญากรรมออนไลน์ กรกฎาคม,Real,1
รายละเอียดกติกาและเงื่อนไขการเข้าร่วมกิจกรรม “จับคู่ข่าว ดูแล้วเว่อ อย่าเผลอลงทุน!”,รายละเอียดกติกาและเงื่อนไขการเข้าร่วมกิจกรรม “จับคู่ข่าว ดูแล้วเว่อ อย่าเผลอลงทุน!”,Real,1
ตลาดหลักทรัพย์ฯ เปิดให้ลงทุนผ่านบัญชีไลน์ SET SERVICE,ตลาดหลักทรัพย์ฯ เปิดให้ลงทุนผ่านบัญชีไลน์ SET SERVICE,Fake,0
"ลงทุนหุ้น OR เพื่อร่วมบริหารคาเฟ่ อเมซอน เริ่ม 1,000 บาท รับผลตอบแทน 360 บาทต่อวัน","ลงทุนหุ้น OR เพื่อร่วมบริหารคาเฟ่ อเมซอน เริ่ม , บาท รับผลตอบแทน บาทต่อวัน",Fake,0
คนต่างด้าวทำบัตรประชาชนคนไทยได้แล้ว,คนต่างด้าวทำบัตรประชาชนคนไทยได้แล้ว,Fake,0
"ธนาคารออมสิน เปิดโครงการใหม่ กู้ออนไลน์ ได้ทุกอาชีพ วงเงิน 70,000 บาท","ธนาคารออมสิน เปิดโครงการใหม่ กู้ออนไลน์ ได้ทุกอาชีพ วงเงิน , บาท",Fake,0
หากถูกเห็บกัด มีความเสี่ยงที่จะเสียชีวิตจากไวรัสโพวาสซานได้,หากถูกเห็บกัด มีความเสี่ยงที่จะเสียชีวิตจากไวรัสโพวาสซานได้,Real,1
ปปง. คืนเงินให้ผู้เสียหายจากการถูกมิจฉาชีพหลอก ผ่านเพจเฟซบุ๊ก Daily news distribution center,ปปง. คืนเงินให้ผู้เสียหายจากการถูกมิจฉาชีพหลอก ผ่านเพจเฟซบุ๊ก Daily news distribution center,Fake,0
กัมพูชาสั่งห้ามไทย ส่งยาให้ผู้ป่วยผ่านด่านช่องจอม,กัมพูชาสั่งห้ามไทย ส่งยาให้ผู้ป่วยผ่านด่านช่องจอม,Fake,0
รักษาความเป็นส่วนตัวให้ปลอดภัย วิธีใช้ Wi-Fi ฟรี ในที่สาธารณะ,รักษาความเป็นส่วนตัวให้ปลอดภัย วิธีใช้ Wi-Fi ฟรี ในที่สาธารณะ,Real,1
ตัดวงจร #อาชญากรรมออนไลน์ 9 กรกฎาคม 2568,ตัดวงจร #อาชญากรรมออนไลน์ กรกฎาคม,Real,1
"OR ให้ร่วมลงทุนหุ้น Café Amazon เปิดพอร์ต เริ่มต้น 1,000 บาท ผลตอบแทน 290 บาท","OR ให้ร่วมลงทุนหุ้น Café Amazon เปิดพอร์ต เริ่มต้น , บาท ผลตอบแทน บาท",Fake,0
รัฐบาลเตรียมออกโครงการสนับสนุนช่วยเหลือเกษตรผู้ปลูกข้าวนาปี,รัฐบาลเตรียมออกโครงการสนับสนุนช่วยเหลือเกษตรผู้ปลูกข้าวนาปี,Real,1
ธนาคารกรุงไทย ให้บริการสินเชื่อ ทาง TikTok ktb.thailand92,ธนาคารกรุงไทย ให้บริการสินเชื่อ ทาง TikTok ktb.thailand,Fake,0
ชาวนาไทย ขายข้าวได้ราคาต่ำกว่าปี 2566 เกือบ 2 เท่า,ชาวนาไทย ขายข้าวได้ราคาต่ำกว่าปี เกือบ เท่า,Fake,0
เจ้าหน้าที่ ธารมิกา รับทำใบขับขี่ทุกประเภท เพียงติดต่อผ่านไลน์,เจ้าหน้าที่ ธารมิกา รับทำใบขับขี่ทุกประเภท เพียงติดต่อผ่านไลน์,Fake,0
กรมอุทยานฯ เปิดให้ซื้อพ่อแม่พันธุ์ตัวเงินตัวทอง ตัวละ 500 บาท,กรมอุทยานฯ เปิดให้ซื้อพ่อแม่พันธุ์ตัวเงินตัวทอง ตัวละ บาท,Real,1
เกิดแผ่นดินไหวรอบไทย 4 จุด เตือนแนวเกาะนิโคบาร์ เสี่ยงสึนามิสูงเทียบตึก 7–8 ชั้น,เกิดแผ่นดินไหวรอบไทย จุด เตือนแนวเกาะนิโคบาร์ เสี่ยงสึนามิสูงเทียบตึก – ชั้น,Fake,0
เตือนภัย! มิจลวงสมัครบัตรเครดิต ,เตือนภัย! มิจลวงสมัครบัตรเครดิต,Real,1
ตัดวงจร #อาชญากรรมออนไลน์ 8 กรกฎาคม 2568,ตัดวงจร #อาชญากรรมออนไลน์ กรกฎาคม,Real,1
OR เสนอขายหุ้น IPO ผ่านเพจ Amz Premium Quality Coffee,OR เสนอขายหุ้น IPO ผ่านเพจ Amz Premium Quality Coffee,Fake,0
ออมสินยกเลิกสิทธิประโยชน์ บัตรเดบิตอุ่นใจ สวนทางกับที่โฆษณา,ออมสินยกเลิกสิทธิประโยชน์ บัตรเดบิตอุ่นใจ สวนทางกับที่โฆษณา,Fake,0
แจ้งผู้ว่าฯ 7 จังหวัด ชายแดนไทย-กัมพูชา เตรียมแผนอพยพประชาชน,แจ้งผู้ว่าฯ จังหวัด ชายแดนไทย-กัมพูชา เตรียมแผนอพยพประชาชน,Fake,0
ปลายปีนี้ ภาคกลางจะถูกน้ำถล่มต่อจากภาคใต้ ส่วนภาคเหนือจะมีพายุตลอดทั้งปี และน้ำจะไหลลงภาคกลาง,ปลายปีนี้ ภาคกลางจะถูกน้ำถล่มต่อจากภาคใต้ ส่วนภาคเหนือจะมีพายุตลอดทั้งปี และน้ำจะไหลลงภาคกลาง,Fake,0
ระนอง พังงา ภูเก็ต กระบี่ เฝ้าระวังสึนามิ และแผ่นดินไหวรุนแรง ที่ภูเขาไฟใต้น้ำ,ระนอง พังงา ภูเก็ต กระบี่ เฝ้าระวังสึนามิ และแผ่นดินไหวรุนแรง ที่ภูเขาไฟใต้น้ำ,Fake,0
ตัวเงินตัวทองเพาะพันธุ์ได้ ต้องได้รับอนุญาตจากกรมอุทยานแห่งชาติฯ,ตัวเงินตัวทองเพาะพันธุ์ได้ ต้องได้รับอนุญาตจากกรมอุทยานแห่งชาติฯ,Real,1
สารเสพติดลวงเยาวชน หน้าตาเป็นมิตร แต่อันตรายถึงชีวิต,สารเสพติดลวงเยาวชน หน้าตาเป็นมิตร แต่อันตรายถึงชีวิต,Real,1
ตัดวงจร #อาชญากรรมออนไลน์ 7 กรกฎาคม 2568,ตัดวงจร #อาชญากรรมออนไลน์ กรกฎาคม,Real,1
ธ.กรุงไทย ปล่อยสินเชื่อ ผ่าน TikTok ชื่อ .ktb51,ธ.กรุงไทย ปล่อยสินเชื่อ ผ่าน TikTok ชื่อ .ktb,Fake,0
รัฐบาลใช้ฝนเทียม เพื่อสลายการชุมนุม,รัฐบาลใช้ฝนเทียม เพื่อสลายการชุมนุม,Fake,0
เพจ จ๊อบแมทช์ - JobMatch สร้างอาชีพ รับสมัครพนักงานแพ็กสินค้า โดยกรมการจัดหางาน,เพจ จ๊อบแมทช์ - JobMatch สร้างอาชีพ รับสมัครพนักงานแพ็กสินค้า โดยกรมการจัดหางาน,Fake,0
เพิ่มเงินชดเชยการว่างงานจากการถูกเลิกจ้าง ร้อยละ 60 ของค่าจ้างรายวัน,เพิ่มเงินชดเชยการว่างงานจากการถูกเลิกจ้าง ร้อยละ ของค่าจ้างรายวัน,Real,1
"1 ส.ค. - 15 ก.ย. 68 กลุ่มอายุ 16 ปีขึ้นไป เตรียมยืนยันตัวตนรับเงินดิจิทัลวอลเล็ต 10,000 บาท","ส.ค. - ก.ย. กลุ่มอายุ ปีขึ้นไป เตรียมยืนยันตัวตนรับเงินดิจิทัลวอลเล็ต , บาท",Fake,0
ปปง. คืนเงินให้ผู้เสียหายจากแก๊งคอลเซ็นเตอร์ ติดต่อผ่านเพจ Stop the investigation,ปปง. คืนเงินให้ผู้เสียหายจากแก๊งคอลเซ็นเตอร์ ติดต่อผ่านเพจ Stop the investigation,Fake,0
"OR เสนอขายหุ้นประชาชนทั่วไป เริ่มต้น 1,000 บาท ปันผลสูงสุด 990 บาทต่อวัน","OR เสนอขายหุ้นประชาชนทั่วไป เริ่มต้น , บาท ปันผลสูงสุด บาทต่อวัน",Fake,0
เปิดขั้นตอนล่าเหยื่อของมิจฉาชีพ ไม่ระวัง เงินหายเกลี้ยง,เปิดขั้นตอนล่าเหยื่อของมิจฉาชีพ ไม่ระวัง เงินหายเกลี้ยง,Real,1
ตัดวงจร #อาชญากรรมออนไลน์ 6 กรกฎาคม 2568,ตัดวงจร #อาชญากรรมออนไลน์ กรกฎาคม,Real,1
ป.ป.ท. เปิดให้ส่งหลักฐานขอรับเงินคืนจากการถูกหลอกออนไลน์ ที่เพจเฟซบุ๊ก Technology Crime Th,ป.ป.ท. เปิดให้ส่งหลักฐานขอรับเงินคืนจากการถูกหลอกออนไลน์ ที่เพจเฟซบุ๊ก Technology Crime Th,Fake,0
ประกันสังคม เพิ่มสิทธิยุติการตั้งครรภ์,ประกันสังคม เพิ่มสิทธิยุติการตั้งครรภ์,Real,1
เกิดแผ่นดินไหวล้อมไทย ภาคเหนือ-อีสาน-ใต้ ต้องเฝ้าระวัง,เกิดแผ่นดินไหวล้อมไทย ภาคเหนือ-อีสาน-ใต้ ต้องเฝ้าระวัง,Fake,0
ขยายระยะเวลาเข้าร่วมโครงการ คุณสู้ เราช่วย ถึง 30 ก.ย. 68,ขยายระยะเวลาเข้าร่วมโครงการ คุณสู้ เราช่วย ถึง ก.ย.,Real,1
การไฟฟ้าส่วนภูมิภาค เปิดไลน์ใหม่ให้บริการประชาชน,การไฟฟ้าส่วนภูมิภาค เปิดไลน์ใหม่ให้บริการประชาชน,Fake,0
กรมการจัดหางาน เปิดรับสมัครงานทำที่บ้าน รายได้ 300–500 บาทต่อวัน ผ่านเพจ ไทยหางาน,กรมการจัดหางาน เปิดรับสมัครงานทำที่บ้าน รายได้ – บาทต่อวัน ผ่านเพจ ไทยหางาน,Fake,0
กัมพูชา สั่งห้ามนำเข้าสินค้าไทยผ่านทางทะเล,กัมพูชา สั่งห้ามนำเข้าสินค้าไทยผ่านทางทะเล,Fake,0
คิดให้ดี รับจ้างเปิดบัญชีม้า ผิดกฎหมาย มีโทษหนัก,คิดให้ดี รับจ้างเปิดบัญชีม้า ผิดกฎหมาย มีโทษหนัก,Real,1
ตัดวงจร #อาชญากรรมออนไลน์ 5 กรกฎาคม 2568,ตัดวงจร #อาชญากรรมออนไลน์ กรกฎาคม,Real,1
"OR เปิดให้ร่วมลงทุนหุ้นธุรกิจค้าปลีก เริ่มต้น 1,000 ปันผล 450 บาท/วัน","OR เปิดให้ร่วมลงทุนหุ้นธุรกิจค้าปลีก เริ่มต้น , ปันผล บาท/วัน",Fake,0
เด็กไทยอ้วนเป็นอันดับ 3 ของอาเซียน,เด็กไทยอ้วนเป็นอันดับ ของอาเซียน,Real,1
ภูเก็ต พบผู้ติดเชื้อ HIV รายใหม่ เพิ่ม 244 ราย,ภูเก็ต พบผู้ติดเชื้อ HIV รายใหม่ เพิ่ม ราย,Fake,0
เกิดแผ่นดินไหวขนาด 5.1 แมกนิจูด ลึก 10 กม. ในแนววงแหวนแห่งไฟบริเวณทะเลอันดามัน ,เกิดแผ่นดินไหวขนาด . แมกนิจูด ลึก กม. ในแนววงแหวนแห่งไฟบริเวณทะเลอันดามัน,Fake,0
เตือน! กินไข่ดิบเสี่ยงติดเชื้อโรค อันตรายถึงชีวิต,เตือน! กินไข่ดิบเสี่ยงติดเชื้อโรค อันตรายถึงชีวิต,Real,1
"ออมสิน ปล่อยสินเชื่อให้ยืม ขั้นต่ำ 10,000 บาท สูงสุด 1,000,000 บาท ผ่านเพจ LEASE it PCL 471","ออมสิน ปล่อยสินเชื่อให้ยืม ขั้นต่ำ , บาท สูงสุด ,, บาท ผ่านเพจ LEASE it PCL",Fake,0
เดือนกรกฎาคม 68 จะมีคนชุมพรและนราธิวาส เสียชีวิตเพราะสึนามิเป็นแสนคน,เดือนกรกฎาคม จะมีคนชุมพรและนราธิวาส เสียชีวิตเพราะสึนามิเป็นแสนคน,Fake,0
ข่าวเด่นน่าสนใจประจำสัปดาห์ (วันที่ 27 มิ.ย. - 3 ก.ค. 68),ข่าวเด่นน่าสนใจประจำสัปดาห์ (วันที่ มิ.ย. - ก.ค. ),Real,1
3 วิธีจับไต๋มิจฉาชีพใช้ AI ปลอมเสียง,วิธีจับไต๋มิจฉาชีพใช้ AI ปลอมเสียง,Real,1
ตัดวงจร #อาชญากรรมออนไลน์ 4 กรกฎาคม 2568,ตัดวงจร #อาชญากรรมออนไลน์ กรกฎาคม,Real,1
"OR เปิดโอกาสลงทุนธุรกิจกาแฟ เริ่มต้น 1,000 บาท รับผลตอบแทน 300/วัน ผ่านเพจ Prime Investment by OR","OR เปิดโอกาสลงทุนธุรกิจกาแฟ เริ่มต้น , บาท รับผลตอบแทน /วัน ผ่านเพจ Prime Investment by OR",Fake,0
ก.ล.ต. ส่งผู้เชี่ยวชาญให้คำแนะนำแนวทางการลงทุน,ก.ล.ต. ส่งผู้เชี่ยวชาญให้คำแนะนำแนวทางการลงทุน,Fake,0
"OR เปิดให้ร่วมลงทุนหุ้น เริ่มต้น 1,000 บาท ปันผล 290 ต่อวัน","OR เปิดให้ร่วมลงทุนหุ้น เริ่มต้น , บาท ปันผล ต่อวัน",Fake,0
ช่วงนี้ทะเลอันดามันเกิดแผ่นดินไหวขนาดปานกลางบ่อยครั้ง เสี่ยงเกิดสึนามิได้,ช่วงนี้ทะเลอันดามันเกิดแผ่นดินไหวขนาดปานกลางบ่อยครั้ง เสี่ยงเกิดสึนามิได้,Fake,0
กระทรวงอุตสาหกรรม ใช้ AI “มอก.วอทช์” คุมเข้มสินค้าออนไลน์,กระทรวงอุตสาหกรรม ใช้ AI “มอก.วอทช์” คุมเข้มสินค้าออนไลน์,Real,1
วันที่ 5 ก.ค. 68 จะเกิดสึนามิใน จ.ชุมพร และ นราธิวาส,วันที่ ก.ค. จะเกิดสึนามิใน จ.ชุมพร และ นราธิวาส,Fake,0
ทำใบขับขี่ออนไลน์ได้ทุกประเภท ติดต่อ เพจเฟซบุ๊กชนิตรา,ทำใบขับขี่ออนไลน์ได้ทุกประเภท ติดต่อ เพจเฟซบุ๊กชนิตรา,Fake,0
วิธีตั้ง Password ให้แน่นหนาเหมือนเลือกซื้อกุญแจบ้าน,วิธีตั้ง Password ให้แน่นหนาเหมือนเลือกซื้อกุญแจบ้าน,Real,1
ตัดวงจร #อาชญากรรมออนไลน์ 3 กรกฎาคม 2568,ตัดวงจร #อาชญากรรมออนไลน์ กรกฎาคม,Real,1
เพจสัมนักงานประชาสำพันธ์ จังหวัดสมุทรสงคราม เปิดรับบริจาคช่วยเหลือเหตุไฟไหม้,เพจสัมนักงานประชาสำพันธ์ จังหวัดสมุทรสงคราม เปิดรับบริจาคช่วยเหลือเหตุไฟไหม้,Fake,0
ก.ล.ต. เปิดบัญชีรับโอนเงิน สำหรับยืนยันตัวตนนักลงทุน,ก.ล.ต. เปิดบัญชีรับโอนเงิน สำหรับยืนยันตัวตนนักลงทุน,Fake,0
"ธนาคารกรุงไทย เปิดให้ลงทะเบียนกู้ 200,000 บาท ผ่อน 4,333 ต่อเดือน ไม่เช็กเครดิตบูโร","ธนาคารกรุงไทย เปิดให้ลงทะเบียนกู้ , บาท ผ่อน , ต่อเดือน ไม่เช็กเครดิตบูโร",Fake,0
เปิดรับคำร้องขอสัญชาติไทยให้คนต่างด้าว 2 กลุ่ม,เปิดรับคำร้องขอสัญชาติไทยให้คนต่างด้าว กลุ่ม,Real,1
ทำใบขับขี่ออนไลน์ได้ทุกประเภท ติดต่อที่เพจเฟซบุ๊กธันย์ชนก,ทำใบขับขี่ออนไลน์ได้ทุกประเภท ติดต่อที่เพจเฟซบุ๊กธันย์ชนก,Fake,0
ตำรวจอนุญาตให้ชาวจีนพกใบขับขี่สากลปลอมได้,ตำรวจอนุญาตให้ชาวจีนพกใบขับขี่สากลปลอมได้,Fake,0
ออมสิน ปล่อยสินเชื่อ ผ่าน TikTok ชื่อ whbgfxjez2t,ออมสิน ปล่อยสินเชื่อ ผ่าน TikTok ชื่อ whbgfxjezt,Fake,0
เสี่ยงเกิดสึนามิที่ภาคใต้ฝั่งอันดามัน อาจรุนแรงกว่าปี 2547,เสี่ยงเกิดสึนามิที่ภาคใต้ฝั่งอันดามัน อาจรุนแรงกว่าปี,Fake,0
เตือนภัยผู้สูงอายุ! คำพูดสวยหรูของมิจฉาชีพ แท้จริงคือกลลวง,เตือนภัยผู้สูงอายุ! คำพูดสวยหรูของมิจฉาชีพ แท้จริงคือกลลวง,Real,1
ตัดวงจร #อาชญากรรมออนไลน์ 2 กรกฎาคม 2568,ตัดวงจร #อาชญากรรมออนไลน์ กรกฎาคม,Real,1
"OR เปิดให้ลงทุนหุ้นคาเฟ่อเมซอน เริ่ม 1,000 บาท ปันผลวันละ 290 บาท ผ่านเพจ Amazon Corporation","OR เปิดให้ลงทุนหุ้นคาเฟ่อเมซอน เริ่ม , บาท ปันผลวันละ บาท ผ่านเพจ Amazon Corporation",Fake,0
สั่งล็อกเลขสลากกินแบ่งฯ งวด 1 ก.ค. 68 เพื่อช่วยคนไทย,สั่งล็อกเลขสลากกินแบ่งฯ งวด ก.ค. เพื่อช่วยคนไทย,Fake,0
บริษัท Cambodia-Logistics ส่งของข้ามชายแดนไทย-กัมพูชาได้เป็นปกติ,บริษัท Cambodia-Logistics ส่งของข้ามชายแดนไทย-กัมพูชาได้เป็นปกติ,Fake,0
ด่านชายแดนคลองลึก จ.สระแก้ว ยังเปิดเป็นปกติ,ด่านชายแดนคลองลึก จ.สระแก้ว ยังเปิดเป็นปกติ,Fake,0
ปปง. ร่วมกับตำรวจสอบสวนกลาง เปิดให้ติดต่อรับเงินคืน ผ่านเพจ Reduce danger online,ปปง. ร่วมกับตำรวจสอบสวนกลาง เปิดให้ติดต่อรับเงินคืน ผ่านเพจ Reduce danger online,Fake,0
วันที่ 5 ก.ค. 2025 จะเกิดคลื่นสึนามิใหญ่,วันที่ ก.ค. จะเกิดคลื่นสึนามิใหญ่,Fake,0
กองกำลังบูรพา ออกหนังสือยกเลิกผ่อนผันแรงงานกัมพูชา ที่ถือ Border Pass อยู่ไทย,กองกำลังบูรพา ออกหนังสือยกเลิกผ่อนผันแรงงานกัมพูชา ที่ถือ Border Pass อยู่ไทย,Fake,0
3 วิธีการรับมือ Cyberbullying ไม่ให้โดนระรานจนใจพัง,วิธีการรับมือ Cyberbullying ไม่ให้โดนระรานจนใจพัง,Real,1
ตัดวงจร #อาชญากรรมออนไลน์ 1 กรกฎาคม 2568,ตัดวงจร #อาชญากรรมออนไลน์ กรกฎาคม,Real,1
เพจ Alinda รับทำใบขับขี่ออนไลน์ ถูกกฎหมาย ทั้งรถยนต์-มอเตอร์ไซค์,เพจ Alinda รับทำใบขับขี่ออนไลน์ ถูกกฎหมาย ทั้งรถยนต์-มอเตอร์ไซค์,Fake,0
ทุกเหล่าทัพประชุม หากประกาศกฎอัยการศึก นักการเมืองจะสั่งการทหารไม่ได้,ทุกเหล่าทัพประชุม หากประกาศกฎอัยการศึก นักการเมืองจะสั่งการทหารไม่ได้,Fake,0
ตม. ช่วยผู้ใส่เครื่องแบบราชการ ขอยื่นวีซ่าได้เร็วขึ้น,ตม. ช่วยผู้ใส่เครื่องแบบราชการ ขอยื่นวีซ่าได้เร็วขึ้น,Fake,0
บริษัท ปตท. น้ำมันและการค้าปลีก จำกัด (มหาชน) เสนอขายหุ้น IPO ครั้งแรก,บริษัท ปตท. น้ำมันและการค้าปลีก จำกัด (มหาชน) เสนอขายหุ้น IPO ครั้งแรก,Fake,0
ข้าวกัมพูชาแอบอ้างใช้ภาษาไทย และธงชาติไทย วางขายในซูเปอร์มาร์เก็ตจีน,ข้าวกัมพูชาแอบอ้างใช้ภาษาไทย และธงชาติไทย วางขายในซูเปอร์มาร์เก็ตจีน,Real,1
ด่านคลองลึกเปิดให้นักเรียนกัมพูชาข้ามแดน โดยไม่ใช้เอกสารผ่านแดน,ด่านคลองลึกเปิดให้นักเรียนกัมพูชาข้ามแดน โดยไม่ใช้เอกสารผ่านแดน,Fake,0
ธนาคารกรุงไทย ปล่อยสินเชื่อ ผ่าน TikTok ชื่อ .scb27,ธนาคารกรุงไทย ปล่อยสินเชื่อ ผ่าน TikTok ชื่อ .scb,Fake,0
รู้ทันคำลวง งานเบาเงินดีจากมิจฉาชีพที่อาจทำให้หมดตัว,รู้ทันคำลวง งานเบาเงินดีจากมิจฉาชีพที่อาจทำให้หมดตัว,Real,1
ตัดวงจร #อาชญากรรมออนไลน์ 30 มิถุนายน 2568,ตัดวงจร #อาชญากรรมออนไลน์ มิถุนายน,Real,1
กองทัพไทย ส่งหน่วยรบพิเศษตามด้วย Gripen ทำลายคลังเสบียงกัมพูชา,กองทัพไทย ส่งหน่วยรบพิเศษตามด้วย Gripen ทำลายคลังเสบียงกัมพูชา,Fake,0
เกิดแผ่นดินไหวบริเวณทะเลอันดามัน เตรียมตัวรับเมนช็อกที่ขนาดความลึกเท่ากัน,เกิดแผ่นดินไหวบริเวณทะเลอันดามัน เตรียมตัวรับเมนช็อกที่ขนาดความลึกเท่ากัน,Fake,0
ฉี่บ่อย สาเหตุเกิดจากลมในช่องท้องมาก,ฉี่บ่อย สาเหตุเกิดจากลมในช่องท้องมาก,Fake,0
พบโดรนจากไทยถูกส่งไปกัมพูชา,พบโดรนจากไทยถูกส่งไปกัมพูชา,Fake,0
ปปง. เปิดบัญชีไลน์ใหม่ โดยใช้ชื่อว่า ปปง.,ปปง. เปิดบัญชีไลน์ใหม่ โดยใช้ชื่อว่า ปปง.,Fake,0
ตลาดหลักทรัพย์ฯ ชวนเข้าร่วมกลุ่มไลน์ แนะนำลงทุนหุ้นรายวันฟรี 100 ท่านแรก,ตลาดหลักทรัพย์ฯ ชวนเข้าร่วมกลุ่มไลน์ แนะนำลงทุนหุ้นรายวันฟรี ท่านแรก,Fake,0
ประเทศไทยเฝ้าระวังแผ่นดินไหว พบการเขย่าแรงขึ้นในวันที่ 25 มิ.ย. 68,ประเทศไทยเฝ้าระวังแผ่นดินไหว พบการเขย่าแรงขึ้นในวันที่ มิ.ย.,Fake,0
นำเข้าอาหารไม่มีฉลากภาษาไทย ผิดกฎหมาย!,นำเข้าอาหารไม่มีฉลากภาษาไทย ผิดกฎหมาย!,Real,1
ตัดวงจร #อาชญากรรมออนไลน์ 29 มิถุนายน 2568,ตัดวงจร #อาชญากรรมออนไลน์ มิถุนายน,Real,1
ผลิตภัณฑ์ Genesis ลดอาการหูอื้อ หูดับ เสียงดังรบกวนในหู,ผลิตภัณฑ์ Genesis ลดอาการหูอื้อ หูดับ เสียงดังรบกวนในหู,Fake,0
กรมบัญชีกลาง เปิดเว็บไซต์ให้ดาวน์โหลดแอปพลิเคชันใหม่,กรมบัญชีกลาง เปิดเว็บไซต์ให้ดาวน์โหลดแอปพลิเคชันใหม่,Fake,0
บัญชีไลน์ โบรกเกอร์ ยุทธชัย เป็นผู้ให้คำปรึกษาด้านการลงทุนของ ก.ล.ต.,บัญชีไลน์ โบรกเกอร์ ยุทธชัย เป็นผู้ให้คำปรึกษาด้านการลงทุนของ ก.ล.ต.,Fake,0
อาการคันเท้า เป็นสัญญาณของ โรคตับ เบาหวาน และโรคไต,อาการคันเท้า เป็นสัญญาณของ โรคตับ เบาหวาน และโรคไต,Fake,0
แรงงานลาวแห่ทะลักเข้าไทย หลังแรงงานกัมพูชาทยอยกลับ,แรงงานลาวแห่ทะลักเข้าไทย หลังแรงงานกัมพูชาทยอยกลับ,Fake,0
ประกันสังคม คืนเงินสมทบ ผู้ประกันตนมาตรา 33 และ 39 ที่ได้รับผลกระทบจากอุทกภัย,ประกันสังคม คืนเงินสมทบ ผู้ประกันตนมาตรา และ ที่ได้รับผลกระทบจากอุทกภัย,Real,1
กรุงไทย ส่งเอกสารแจ้งเรื่องเปิดสมุดบัญชีที่มีเส้นทางการเงินพิรุธ,กรุงไทย ส่งเอกสารแจ้งเรื่องเปิดสมุดบัญชีที่มีเส้นทางการเงินพิรุธ,Fake,0
รู้ให้ทัน! 3 กลโกงยอดนิยมของมิจฉาชีพ,รู้ให้ทัน! กลโกงยอดนิยมของมิจฉาชีพ,Real,1
ตัดวงจร #อาชญากรรมออนไลน์ 28 มิถุนายน 2568,ตัดวงจร #อาชญากรรมออนไลน์ มิถุนายน,Real,1
